[
  {
    "metadata": {
      "id": "5a8b9107-e667-4ec8-a792-d066a93b9eff",
      "publisherId": "ms-python.anaconda-extension-pack",
      "publisherDisplayName": "ms-python"
    },
    "name": "anaconda-extension-pack",
    "publisher": "ms-python",
    "version": "1.0.1"
  },
  {
    "metadata": {
      "id": "5619a084-6632-4221-9def-b94bdc42e23a",
      "publisherId": "Nash.awesome-flutter-snippets",
      "publisherDisplayName": "Nash"
    },
    "name": "awesome-flutter-snippets",
    "publisher": "Nash",
    "version": "2.0.3"
  },
  {
    "metadata": {
      "id": "e337c67b-55c2-4fef-8949-eb260e7fb7fd",
      "publisherId": "Shan.code-settings-sync",
      "publisherDisplayName": "Shan"
    },
    "name": "code-settings-sync",
    "publisher": "Shan",
    "version": "3.4.3"
  },
  {
    "metadata": {
      "id": "690b692e-e8a9-493f-b802-8089d50ac1b2",
      "publisherId": "ms-vscode.cpptools",
      "publisherDisplayName": "ms-vscode"
    },
    "name": "cpptools",
    "publisher": "ms-vscode",
    "version": "0.27.0"
  },
  {
    "metadata": {
      "id": "f57f68ea-9ee8-42b5-9a97-041d3e4278c4",
      "publisherId": "Dart-Code.dart-code",
      "publisherDisplayName": "Dart-Code"
    },
    "name": "dart-code",
    "publisher": "Dart-Code",
    "version": "3.9.1"
  },
  {
    "metadata": {
      "id": "f6c3ec04-6057-4d9c-b997-69cba07a6158",
      "publisherId": "Dart-Code.flutter",
      "publisherDisplayName": "Dart-Code"
    },
    "name": "flutter",
    "publisher": "Dart-Code",
    "version": "3.9.1"
  },
  {
    "metadata": {
      "id": "be992f3f-9f22-4b66-a1d2-ecad04c28a28",
      "publisherId": "abusaidm.html-snippets",
      "publisherDisplayName": "abusaidm"
    },
    "name": "html-snippets",
    "publisher": "abusaidm",
    "version": "0.2.1"
  },
  {
    "metadata": {
      "id": "eaa2127d-cb69-4ab9-8505-a60c9ee5f28b",
      "publisherId": "oderwat.indent-rainbow",
      "publisherDisplayName": "oderwat"
    },
    "name": "indent-rainbow",
    "publisher": "oderwat",
    "version": "7.4.0"
  },
  {
    "metadata": {
      "id": "b63c44fd-0457-4696-99e9-dbfdf70d77de",
      "publisherId": "ritwickdey.LiveServer",
      "publisherDisplayName": "ritwickdey"
    },
    "name": "LiveServer",
    "publisher": "ritwickdey",
    "version": "5.6.1"
  },
  {
    "metadata": {
      "id": "3b1db1fc-c7f7-4bd6-9fa4-b499dfa99a8a",
      "publisherId": "shd101wyy.markdown-preview-enhanced",
      "publisherDisplayName": "shd101wyy"
    },
    "name": "markdown-preview-enhanced",
    "publisher": "shd101wyy",
    "version": "0.5.2"
  },
  {
    "metadata": {
      "id": "a41c1549-4053-44d4-bf30-60fc809b4a86",
      "publisherId": "christian-kohler.path-intellisense",
      "publisherDisplayName": "christian-kohler"
    },
    "name": "path-intellisense",
    "publisher": "christian-kohler",
    "version": "1.4.2"
  },
  {
    "metadata": {
      "id": "f1f59ae4-9318-4f3c-a9b5-81b2eaa5f8a5",
      "publisherId": "ms-python.python",
      "publisherDisplayName": "ms-python"
    },
    "name": "python",
    "publisher": "ms-python",
    "version": "2020.3.71659"
  },
  {
    "metadata": {
      "id": "20c912c7-70fe-4433-b9d5-f718d407c20a",
      "publisherId": "qiskit.qiskit-vscode",
      "publisherDisplayName": "qiskit"
    },
    "name": "qiskit-vscode",
    "publisher": "qiskit",
    "version": "0.5.5"
  },
  {
    "metadata": {
      "id": "93ce222b-5f6f-49b7-9ab1-a0463c6238df",
      "publisherId": "ms-vscode-remote.remote-containers",
      "publisherDisplayName": "ms-vscode-remote"
    },
    "name": "remote-containers",
    "publisher": "ms-vscode-remote",
    "version": "0.112.0"
  },
  {
    "metadata": {
      "id": "607fd052-be03-4363-b657-2bd62b83d28a",
      "publisherId": "ms-vscode-remote.remote-ssh",
      "publisherDisplayName": "ms-vscode-remote"
    },
    "name": "remote-ssh",
    "publisher": "ms-vscode-remote",
    "version": "0.51.0"
  },
  {
    "metadata": {
      "id": "bfeaf631-bcff-4908-93ed-fda4ef9a0c5c",
      "publisherId": "ms-vscode-remote.remote-ssh-edit",
      "publisherDisplayName": "ms-vscode-remote"
    },
    "name": "remote-ssh-edit",
    "publisher": "ms-vscode-remote",
    "version": "0.51.0"
  },
  {
    "metadata": {
      "id": "484d897a-6711-403c-ab54-a96f12be5833",
      "publisherId": "Equinusocio.vsc-community-material-theme",
      "publisherDisplayName": "Equinusocio"
    },
    "name": "vsc-community-material-theme",
    "publisher": "Equinusocio",
    "version": "1.4.1"
  },
  {
    "metadata": {
      "id": "dffaf5a1-2219-434b-9d87-cb586fd59260",
      "publisherId": "Equinusocio.vsc-material-theme",
      "publisherDisplayName": "Equinusocio"
    },
    "name": "vsc-material-theme",
    "publisher": "Equinusocio",
    "version": "32.5.0"
  },
  {
    "metadata": {
      "id": "8c609a4f-268a-41fb-8fe6-b6fcd95e8113",
      "publisherId": "equinusocio.vsc-material-theme-icons",
      "publisherDisplayName": "equinusocio"
    },
    "name": "vsc-material-theme-icons",
    "publisher": "equinusocio",
    "version": "1.1.4"
  },
  {
    "metadata": {
      "id": "3b15ab8e-f648-4bfc-bae7-e588ea755b51",
      "publisherId": "RandomFractalsInc.vscode-data-preview",
      "publisherDisplayName": "RandomFractalsInc"
    },
    "name": "vscode-data-preview",
    "publisher": "RandomFractalsInc",
    "version": "2.0.0"
  },
  {
    "metadata": {
      "id": "4b41a5a8-170e-4156-b2c0-10efb270abbc",
      "publisherId": "batisteo.vscode-django",
      "publisherDisplayName": "batisteo"
    },
    "name": "vscode-django",
    "publisher": "batisteo",
    "version": "0.20.0"
  },
  {
    "metadata": {
      "id": "0479fc1c-3d67-49f9-b087-fb9069afe48f",
      "publisherId": "ms-azuretools.vscode-docker",
      "publisherDisplayName": "ms-azuretools"
    },
    "name": "vscode-docker",
    "publisher": "ms-azuretools",
    "version": "1.0.0"
  },
  {
    "metadata": {
      "id": "2061917f-f76a-458a-8da9-f162de22b97e",
      "publisherId": "redhat.vscode-yaml",
      "publisherDisplayName": "redhat"
    },
    "name": "vscode-yaml",
    "publisher": "redhat",
    "version": "0.7.2"
  },
  {
    "metadata": {
      "id": "876e8f93-74d0-4f4f-91b7-34a09f19f444",
      "publisherId": "VisualStudioExptTeam.vscodeintellicode",
      "publisherDisplayName": "VisualStudioExptTeam"
    },
    "name": "vscodeintellicode",
    "publisher": "VisualStudioExptTeam",
    "version": "1.2.6"
  },
  {
    "metadata": {
      "id": "5a6dc0d5-dc02-4121-8e24-cad33a2ff0af",
      "publisherId": "ms-vsliveshare.vsliveshare",
      "publisherDisplayName": "ms-vsliveshare"
    },
    "name": "vsliveshare",
    "publisher": "ms-vsliveshare",
    "version": "1.0.1947"
  }
]